{"epochs": [0, 0, 1, 2, 3, 4, 5], "train_loss": [null, null, 1.0242068767547607, 0.8834375143051147, 0.769405722618103, 0.6940277814865112, 0.6126587390899658], "val_loss": [1.0113868713378906, 1.0361775159835815, 1.0433320999145508, 1.0673308372497559, 1.082059621810913, 1.1025006771087646, 1.1169614791870117]}